Id,Date,CodeVersion,SchemaVersion
1,1/29/2019 2:06:47 PM,8.0.19.16748,Seq198
2,1/29/2019 9:35:59 PM,9.0.2.19903,Seq199
3,1/29/2019 9:35:59 PM,9.0.2.19903,Seq200
4,1/29/2019 9:35:59 PM,9.0.2.19903,Seq201
5,1/29/2019 9:35:59 PM,9.0.2.19903,Seq202
6,1/29/2019 9:35:59 PM,9.0.2.19903,Seq203
7,1/29/2019 9:35:59 PM,9.0.2.19903,Seq204
8,1/29/2019 9:35:59 PM,9.0.2.19903,Seq205
9,1/29/2019 9:35:59 PM,9.0.2.19903,Seq206
10,1/29/2019 9:35:59 PM,9.0.2.19903,Seq207
11,1/29/2019 9:35:59 PM,9.0.2.19903,Seq208
12,1/29/2019 9:36:00 PM,9.0.2.19903,Seq209
13,1/29/2019 9:36:00 PM,9.0.2.19903,Seq210
14,1/29/2019 9:36:00 PM,9.0.2.19903,Seq211
15,1/29/2019 9:36:00 PM,9.0.2.19903,Seq212
16,1/29/2019 9:36:00 PM,9.0.2.19903,Seq213
17,1/29/2019 9:36:00 PM,9.0.2.19903,Seq214
18,1/29/2019 9:36:00 PM,9.0.2.19903,Seq215
19,1/29/2019 9:36:00 PM,9.0.2.19903,Seq216
20,1/29/2019 9:36:00 PM,9.0.2.19903,Seq217
21,1/29/2019 9:36:00 PM,9.0.2.19903,Seq218
22,1/29/2019 9:36:00 PM,9.0.2.19903,Seq219
23,1/29/2019 9:36:00 PM,9.0.2.19903,Seq220
24,1/29/2019 9:36:00 PM,9.0.2.19903,Seq221
25,1/29/2019 9:36:00 PM,9.0.2.19903,Seq222
26,1/29/2019 9:36:00 PM,9.0.2.19903,Seq223